{
  "step": [
    0,
    10,
    20,
    30,
    40,
    49
  ],
  "train_loss": [
    5.172194480895996,
    3.3629486560821533,
    2.2038726806640625,
    1.357609748840332,
    0.7701558470726013,
    0.4509754180908203
  ],
  "val_loss": [
    4.913094520568848,
    3.2244601249694824,
    2.106668710708618,
    1.2860873937606812,
    0.7259747982025146,
    0.42604878544807434
  ],
  "val_accuracy": [
    0.021484375,
    0.705078125,
    0.970703125,
    0.998046875,
    0.998046875,
    1.0
  ],
  "val_perplexity": [
    136.0598034821439,
    25.139998034237635,
    8.220809723364038,
    3.6186006624130957,
    2.066744777436544,
    1.5311954733683968
  ],
  "learning_rate": [
    0.0002999998149449555,
    0.0002999776088921057,
    0.0002999183981084249,
    0.00029982219720328803,
    0.0002996890299128288,
    0.00029953760005996895
  ],
  "tokens_per_sec": [
    1995.5216788714229,
    2360.662703251446,
    2393.664235179441,
    2127.6944934401367,
    2371.324203343565,
    2480.879061567858
  ],
  "elapsed_time": [
    12.25205111503601,
    33.447794675827026,
    52.91965627670288,
    73.276296377182,
    95.8582546710968,
    114.72537589073181
  ]
}