{"_runtime":120,"_step":6,"train_loss":0.4509754180908203,"_wandb":{"runtime":120},"_timestamp":1.7684536245492609e+09,"val_perplexity":1.5311954733683968,"learning_rate":0.00029953760005996895,"elapsed_time":114.72537589073181,"val_accuracy":1,"training_plots":{"size":547651,"path":"media/images/training_plots_6_6f90139a1346c69b7e35.png","format":"png","width":5400,"height":3600,"_type":"image-file","sha256":"6f90139a1346c69b7e3556940479aeb4782195266ec0155e8fd6f7e40577d5aa"},"val_loss":0.42604878544807434,"step":49,"tokens_per_sec":2480.879061567858}