{"train_loss":0.41667553782463074,"elapsed_time":68.87403750419617,"_timestamp":1.7683845151444786e+09,"_runtime":75,"_wandb":{"runtime":75},"training_plots":{"path":"media/images/training_plots_1_dd2ed474ac051b98031f.png","format":"png","width":5400,"height":3600,"_type":"image-file","sha256":"dd2ed474ac051b98031f2c973d70ac217279e11332a2bff4d427701239be2455","size":299748},"step":49,"val_loss":0.39279112219810486,"val_accuracy":1,"val_perplexity":1.481108986227259,"tokens_per_sec":2106.447935763393,"learning_rate":0.00029953760005996895,"_step":1}