{"val_perplexity":1.5224716263423326,"val_loss":0.4203350841999054,"elapsed_time":53.27540469169617,"_timestamp":1.7684526344450533e+09,"step":49,"training_plots":{"format":"png","width":5400,"height":3600,"_type":"image-file","sha256":"aa7a92188f7fbfd33a357c16aa6d3c8dcde179b0c74aa23b3d927e53c4a19e66","size":302615,"path":"media/images/training_plots_1_aa7a92188f7fbfd33a35.png"},"_wandb":{"runtime":59},"train_loss":0.44627636671066284,"_runtime":59,"_step":1,"tokens_per_sec":2248.4332415717795,"val_accuracy":1,"learning_rate":0.00029953760005996895}